<?xml version="1.0" encoding="utf-8"?>
<metadata>
    <layout title="COM_STAFF_TITLE_ITEM_VIEW_NAME" option="View">
        <message>
                        <![CDATA[COM_STAFF_TITLE_ITEM_VIEW_NAME_DESC]]>
        </message>
    </layout>
    <fields name="request">
        <fieldset 
            name="request"
            label="COM_STAFF_FIELDSET_ITEM_ID_SELECT_LABEL">
            <field
                name="id"
                query="SELECT `id`, `name` FROM #__staff_name ORDER BY `id`"
                type="sql"
                key_field="id" 
                value_field="name"
                label="COM_STAFF_ITEM_ID_SELECT_LABEL"
                require="true"
                description="JGLOBAL_SHOW_TITLE_DESC">
            </field>
        </fieldset>
    </fields>
</metadata>
