<?xml version="1.0"?>
<component>
  <table action="add" table_name="#__staff_name" storage_engine="" collation="utf8mb4_unicode_ci">
    <field field_name="id" field_type="INT" field_length="11" is_autoincrement="1" index="primary" description=""/>
    <field field_name="state" field_type="TINYINT" field_length="1" index="index" description=""/>
    <field field_name="ordering" field_type="INT" field_length="11" index="index" description=""/>
    <field field_name="checked_out" field_type="INT" field_length="11" index="index" description=""/>
    <field field_name="checked_out_time" field_type="DATETIME" description=""/>
    <field field_name="created_by" field_type="INT" field_length="11" index="index" description=""/>
    <field field_name="modified_by" field_type="INT" field_length="11" index="index" description=""/>
    <field field_name="name" field_type="VARCHAR" field_length="255" description=""/>
    <field field_name="email" field_type="VARCHAR" field_length="255" description=""/>
    <field field_name="telephone" field_type="VARCHAR" field_length="255" description=""/>
    <field action="change" field_name="position" field_type="VARCHAR" default="0" field_length="255" description=""/>
    <field action="change" field_name="department" field_type="VARCHAR" default="0" field_length="255" description=""/>
  </table>
  <table action="add" table_name="#__staff_position" storage_engine="" collation="utf8mb4_unicode_ci">
    <field field_name="id" field_type="INT" field_length="11" is_autoincrement="1" index="primary" description=""/>
    <field field_name="state" field_type="TINYINT" field_length="1" index="index" description=""/>
    <field field_name="ordering" field_type="INT" field_length="11" index="index" description=""/>
    <field field_name="checked_out" field_type="INT" field_length="11" index="index" description=""/>
    <field field_name="checked_out_time" field_type="DATETIME" description=""/>
    <field field_name="created_by" field_type="INT" field_length="11" index="index" description=""/>
    <field field_name="modified_by" field_type="INT" field_length="11" index="index" description=""/>
    <field action="change" field_name="name" field_type="VARCHAR" field_length="255" description=""/>
  </table>
  <table action="add" table_name="#__staff_department" storage_engine="" collation="utf8mb4_unicode_ci">
    <field action="change" field_name="name" field_type="VARCHAR" field_length="255" description=""/>
    <field field_name="id" field_type="INT" field_length="11" is_autoincrement="1" index="primary" description=""/>
    <field field_name="state" field_type="TINYINT" field_length="1" index="index" description=""/>
    <field field_name="ordering" field_type="INT" field_length="11" index="index" description=""/>
    <field field_name="checked_out" field_type="INT" field_length="11" index="index" description=""/>
    <field field_name="checked_out_time" field_type="DATETIME" description=""/>
    <field field_name="created_by" field_type="INT" field_length="11" index="index" description=""/>
    <field field_name="modified_by" field_type="INT" field_length="11" index="index" description=""/>
  </table>
</component>
